aaron,aashish,abbas,abdo,abdul,abdullah,abe,abel,abhishek,abinasaf,abraham,abram,abriel,ace,adair,adalbert,adam,adan,addison,ade,aden,adham,aditya,admin,adnan,adolfo,adolph,adon,adonis,adrian,adriel,afanasy,afri,afro,agustin,aheeka,ahmad,ahmed,ahmet,aidan,aiden,ainsley,aishah,ajay,al,alain,alan,alaric,alastair,albany,albert,alberto,albie,albus,alden,aldo,aldric,aldrich,aldrin,alec,aled,aleena,alejandr,alejandro,aleks,aleksey,aleksy,alen,alesandro,alex,alexande,alexander,alexei,alexis,alfie,alfonse,alfonso,alfonzo,alfred,alfredo,alfric,ali,alistair,allan,allen,alois,alonso,alonzo,aloysius,alphonse,alphonso,alton,alva,alvar,alvaro,alvin,amado,amar,amari,ambrose,amir,amit,ammar,amon,amos,anak,anand,anatoly,anderson,andre,andrea,andreas,andrei,andres,andrew,andy,aneka,angel,angelo,angma,angus,anibal,anish,ankit,ansel,anson,anthony,antione,anto,antoine,anton,antone,antonia,antonio,antony,antwan,apollo,aqib,aran,archer,archibald,archie,arden,argentinian,ari,ariel,arif,arjud,arjun,arkady,arlen,arlie,arlo,arman,armand,armando,arnan,arnie,arnold,arnoldo,arnulfo,aron,arran,arrie,arron,arseny,arsham,arthur,artur,arturo,artyom,arun,arwin,asa,asad,ash,ashby,asher,ashley,ashton,ashwin,aspen,aston,aswin,athan,atticus,aubrey,auden,audric,audwin,august,augustin,augustine,augustus,aurelio,austen,austin,aven,avery,avon,axel,axton,ayaan,ayde,aydemir,ayden,ayed,ayoub,ayrton,azid,azie,bailey,bangkok,bangladesh,barack,barclay,barisal,barnaby,barney,barrett,barron,barry,bart,bartholomew,barton,basil,basquiat,bastian,baxter,bay,baylor,bear,beau,beauregard,beck,beckett,behrad,bellamy,ben,benedict,benito,benjamin,benji,benjy,bennett,bennie,benny,benson,bentley,bently,benton,bernard,bernardo,bernie,berry,bert,bertie,bertram,bev,bevan,bevin,bevis,bhola,bilersiniz,bill,billie,billy,birchard,bjorn,black,bladen,blain,blaine,blair,blaise,blake,blane,blaze,bob,bobbie,bobby,bodie,bogdan,booker,boris,borneo,boston,bowen,boyce,boyd,brad,braden,bradford,bradley,bradly,bradwin,brady,braeden,braiden,brain,bram,brand,branden,brandon,branson,brant,brantley,brasil,brax,braxton,bray,brayan,brayden,braydon,braylen,braylon,brayson,breck,brecken,breckin,brendan,brenden,brendon,brennan,brennon,breno,brent,brentley,brenton,bret,brett,brevin,brevyn,brian,brice,bridie,brie,brig,brighton,brinley,britt,brock,brod,broden,broderic,broderick,brodie,brody,brogan,bronson,brook,brooke,brooklyn,brooks,bros,bruce,bruno,bryan,bryant,bryce,bryden,brydon,bryler,bryn,bryon,bryson,bryton,bubut,buck,bud,buddy,buford,burl,burt,burton,buster,butch,byron,cadby,cade,caden,cael,caelan,caesar,cai,caiden,cain,caius,cal,cale,caleb,calhoun,calicut,callan,callen,callum,calum,calvin,cam,camden,cameron,campbell,camron,cane,cantik,caolan,carey,carl,carlisle,carlo,carlos,carlton,carmel,carmelo,carmen,carmine,carol,carrol,carroll,carsen,carson,carsten,carter,cary,case,casey,cash,cason,casper,caspian,cassius,castiel,castor,cathal,cato,cavan,cayden,caydon,cayson,cecil,cedric,cedrick,cesar,chad,chadwick,chakra,chance,chandler,chang,channing,chapelli,charles,charley,charlie,charlton,chas,chase,chauncey,chayton,chaz,che,cheetesh,chesney,chester,chet,chevy,chi,chilean,ching,chip,chong,choudhary,chris,christ,christia,christian,christop,christopher,chuck,chun,chung,cian,ciaran,cillian,clancy,clarence,clark,claud,claude,claudio,clay,clayton,clement,clemente,cleo,cletus,clevelan,cliff,clifford,clifton,clint,clinton,clive,clovis,clyde,coby,cody,cohen,colby,cole,coleman,colin,collective,collin,colm,colt,colten,colton,columbus,conan,conlan,connect,conner,connie,connor,conor,conrad,constantine,cooper,corbin,cordell,corey,cormac,corneliu,cornelius,cornell,cortez,cory,courtney,coy,craig,crispin,cristian,cristoba,cristobal,cristoph,crosby,cruz,cullen,curt,curtis,cuthbert,cyril,cyrus,dacey,daire,dakota,dale,dalen,dallas,dalon,dalton,damarion,damian,damien,damion,damon,dan,dana,dane,danial,daniel,daniil,danilo,dannie,danny,dante,dara,daragh,darcy,darell,daren,darian,dariel,darin,dario,darius,darnell,daron,darragh,darrel,darrell,darren,darrick,darrin,darron,darryl,darryn,darwin,daryl,dash,dashawn,dave,david,davin,davion,davis,dawson,dax,daxon,daxter,daxton,daylen,daylon,dayton,deacon,dead,dean,deandre,deangelo,decker,declan,dee,deepak,deklan,delbert,delmar,delmer,delvin,demarcus,demetriu,demetrius,dempsey,denis,dennis,denny,denver,denzel,deon,derek,derick,derik,dermot,derrick,des,deshaun,deshawn,desmond,dev,devin,devlin,devon,devyn,dewayne,dewey,dewitt,dex,dexter,diarmuid,dick,dicky,diego,diesel,digby,dilan,dillon,dimitri,dinesh,dino,dion,dipankar,direktden,dirk,dixon,django,dmitri,dmitriy,dmitry,dog,dolan,dom,domenic,domingo,dominic,dominick,dominiqu,don,donal,donald,dong,donn,donnell,donnie,donny,donovan,donte,dope,dorian,dorsey,doug,dougie,douglas,douglass,doyle,drake,draven,drawing,drayden,drew,duane,dudley,dug,duke,duncan,dung,duong,dustin,dusty,dwain,dwayne,dwight,dylan,eamon,earl,earle,earnest,eason,easton,eathan,eben,ebenezer,ed,eddie,eddy,eden,edgar,edgardo,edison,edmond,edmund,edmundo,edouard,edric,edsel,edson,eduardo,edward,edwardo,edwin,efrain,efren,egan,egon,egor,ehab,ehsan,elber,elbert,elden,eldon,eldridge,eli,elian,elias,elijah,eliot,eliseo,elisha,ellington,elliot,elliott,ellis,ellswort,elmer,elmo,elon,eloy,elroy,elton,elvin,elvis,elwood,elwyn,ely,emanuel,embun,emerson,emery,emet,emil,emile,emiliano,emilio,emlyn,emmanuel,emmerson,emmet,emmett,emmitt,emory,ender,ennio,enoch,enrique,enzo,eoghan,eoin,ephraim,erasmo,eric,erich,erick,erik,erin,ernest,ernesto,ernie,errol,ervin,erwin,esteban,ethan,ethen,etienne,euan,euen,eugene,eugenio,eusebio,eustace,evan,evangelos,evelyn,everett,everette,evgeny,ewan,eyan,ezekiel,ezequiel,ezio,ezra,fabian,fabien,fabio,fabrizio,faisal,faith,farbod,farley,farouq,faryad,father,faustino,fausto,fazlus,feature,febian,federico,felipe,felix,felton,fenton,ferdinan,ferdinand,fereshteh,fergal,fergus,fermin,fernand,fernando,ferris,fidel,fighter,filbert,filibert,filipe,finbar,findlay,finlay,finley,finn,finnian,finnigan,fionn,fletcher,flinn,florenci,florenti,florian,floyd,flynn,ford,forest,forrest,foster,fox,frances,francesc,francesco,francis,francisc,francisco,francois,frank,frankie,franklin,franklyn,fraser,frazer,fred,freddie,freddy,frederic,frederick,fredric,fredrick,fritz,futbol,fynn,gabe,gabriel,gael,gaelan,gage,gaige,gail,gale,galen,gamis,gannon,gareth,garfield,garland,garman,garret,garrett,garrison,garry,garth,gary,gaston,gavin,gavriil,gaye,gayle,gaylord,genaro,gene,gennady,geoff,geoffrey,george,georgy,geraint,gerald,geraldo,gerard,gerardo,gerasim,germain,german,gerry,gethin,geyim,gian,giannis,gibson,gideon,gil,gilbert,gilberto,giles,gill,gino,giorgio,giovanni,giuseppe,gleb,glen,glenn,glyndwr,glynn,god,godfrey,godric,godwin,gonzalo,gordon,grady,graeme,graham,graig,granger,grant,granvill,gray,grayson,greg,gregg,gregor,gregorio,gregory,grey,greyson,griffin,grigory,grover,guadalup,guido,guillerm,guillermo,gulliver,gunnar,gunner,gupta,gus,guy,gustav,gustavo,gwain,gönderib,haden,hadley,hady,haiden,haitian,hal,hamilton,hamish,hamza,han,hank,hannibal,hans,harbin,hari,harlan,harland,harley,harold,harris,harrison,harry,harvey,hassan,hayden,hayes,haywood,hazbi,haziq,heath,hector,hendri,hendrick,hendrik,hendrix,hendy,henley,henri,henry,herb,herbert,herbie,heribert,herman,hermes,herschel,hershel,heston,hezekiah,hijab,hijabs,hijabz,hilario,hilary,hilton,hipolito,hiram,hiro,hoang,hobert,holden,hollis,homer,horace,horacio,horatio,hosea,houston,howard,hoyt,hubert,huck,hudson,huey,hugh,hugo,humberto,humphrey,hung,hunter,huw,huxley,hyman,hywel,iain,ian,ianto,ibrahim,ichabod,ideya,idris,ieuan,ieystn,iggy,ignacio,ignat,ignaty,igor,ike,ilia,illarion,immanuil,imran,inigo,iosif,ira,irvin,irving,irwin,isaac,isaiah,isaias,ishaan,ishmael,isiah,isidore,isidro,ismael,issac,ivan,ivor,ivory,iwan,jace,jacinto,jack,jackie,jackson,jacob,jacoby,jacques,jad,jaden,jadon,jae,jaffal,jagger,jaggi,jago,jai,jaiden,jaime,jairo,jak,jake,jakob,jalen,jamaal,jamaica,jamal,jamar,jame,jamel,james,jameson,jamey,jamie,jamison,jan,jared,jaret,jariel,jarod,jaron,jarred,jarrett,jarrod,jarvis,jase,jason,jasper,javi,javid,javier,javon,jax,jaxon,jaxson,jay,jayce,jayden,jaydon,jaylen,jaylin,jaylon,jayson,jean,jeb,jebediah,jed,jedediah,jediah,jedidiah,jeevan,jeff,jefferey,jefferso,jefferson,jeffery,jeffrey,jeffry,jem,jenkins,jensen,jenson,jerald,jeramy,jere,jeremiah,jeremy,jericho,jermaine,jerold,jerome,jeromy,jerrell,jerrion,jerrod,jerrold,jerry,jersey,jess,jesse,jessie,jesus,jet,jethro,jett,jevan,jevin,jeydon,jim,jimmie,jimmy,joachim,joan,joaquin,job,joby,jody,joe,joel,joesph,joey,joffrey,johan,johann,johannes,john,johnatha,johnathan,johnatho,johnathon,johnie,johnnie,johnny,johnson,jon,jonah,jonas,jonathan,jonathon,jonty,jordan,jordon,jordy,jorge,jose,josef,joseph,josh,joshua,josiah,jospeh,joss,josue,josé,joury,jovan,juan,judah,judas,judd,jude,judson,jules,julian,julien,julio,julius,jung,junior,justice,justin,kade,kaden,kadir,kai,kaiden,kaine,kajal,kale,kaleb,kalem,kamel,kameron,kamil,kane,kareem,karl,karn,karson,karsten,karter,kasey,kash,kason,kasper,kay,kayden,kayle,kaylen,kayne,kayson,kean,keanu,keaton,kedrick,keegan,keelan,keenan,keir,keith,kelby,kellan,kellen,kelley,kellin,kelly,kelvin,kemal,ken,kenan,kendall,kendrick,keneth,kennedy,kenneth,kennith,kenny,kent,kenton,kenya,kenyan,keon,kermit,kerry,keven,kevin,keyon,keyur,keyvan,khaled,khalid,khalil,kiaan,kian,kiefer,kieran,kieron,kieth,kiki,killian,kim,kingsley,kingston,kip,kiran,kirby,kirill,kirk,kit,kitt,klaus,klay,knox,kobe,koby,kody,kolby,konnor,konrad,konstantin,korey,kory,kraig,kresna,kris,krish,kristian,kristofe,kristoff,kristoph,kristopher,kuldip,kurt,kurtis,kyan,kyden,kye,kylar,kyle,kylen,kyler,kyran,kyrin,kyron,kyson,kämä,lacey,lachlan,lacy,lake,lamar,lambert,lamont,lance,lancelot,landen,lando,landon,landyn,lane,langdon,langston,lanny,larry,lars,lauren,laurence,laurie,lavern,laverne,lawerenc,lawrence,lawson,layne,layton,lazaro,leaf,leander,leandro,lebron,ledger,lee,leif,leigh,leighton,leland,lemuel,len,lenard,lennie,lennon,lennox,lenny,leo,leon,leonard,leonardo,leonel,leonid,leopold,leopoldo,leroy,les,lesley,leslie,lester,leuan,lev,leven,levi,levy,lewis,lex,leyton,liam,lian,lief,lincoln,linden,lindon,lindsay,linley,lino,linus,linwood,lionel,lisandro,llewelyn,lloyd,lochlan,logan,loki,lon,lonnie,lonny,lorcan,lord,loren,lorenzo,loris,lou,louie,louis,lowell,loyd,luca,lucas,lucian,luciano,lucien,lucio,lucius,lucky,luigi,luis,lukas,luke,lupe,luther,lyle,lyman,lyndon,lynn,lynwood,lysander,mac,mack,maddox,magnus,mahdi,mahmooud,maison,major,makar,malachi,malak,malakai,malcolm,malcom,malik,malloy,malvin,man,manfredo,manny,manual,manuel,marat,marc,marcel,marcelin,marcellu,marcelo,marco,marcos,marcus,mariam,mariano,marik,mario,marion,mark,marko,markus,marley,marlin,marlon,marquis,marshall,martin,martinez,marty,martyn,marvin,mary,mason,massimo,master,masters,mat,matei,mateo,matheus,mathew,mathias,matias,matt,matteo,matthew,matthias,matvei,maurice,mauricio,mauro,maverick,max,maxim,maximilian,maximo,maximus,maxwell,mayar,maykel,maynard,mayson,mckenzie,mckinley,media,mehdi,mehmet,mehtab,mekhi,mel,melumat,melvin,memphis,men,merick,merle,merlin,merrill,mervin,mervyn,mica,micah,michael,michal,michale,micheal,michel,mick,mickey,midhun,miguel,mike,mikel,mikey,mikhail,milan,miles,milford,millard,miller,milo,milton,minh,miquel,miroslav,misha,mitch,mitchel,mitchell,mitt,modelini,moderator,modesto,moe,mohamad,mohamadi,mohamed,mohammad,mohammed,mohey,moises,monroe,monte,montgomery,monty,mordecai,morgan,morris,morton,mose,moses,moshe,mostafa,moussa,moustafa,muaz,muhamed,muhammad,muhammed,murder,murphy,murray,musafa,mustafa,mycroft,myles,mylo,myron,nabil,nadia,naja,najjah,napoleon,nash,nasir,nate,nath,nathan,nathanae,nathanael,nathania,nathanie,nathaniel,nattawat,nature,neal,ned,neel,nehemiah,neil,nelson,nemo,nesbit,nestor,neville,nevin,newt,newton,niall,nicholas,nick,nickolas,nicky,nico,nicolai,nicolas,nigel,nihad,nihal,nik,nikita,niklaus,niko,nikolai,nikolas,nikolay,nile,nils,nisses,nitin,niyayesh,noah,noam,noble,noe,noel,nolan,norbert,norberto,norman,normand,norris,norton,nour,nyle,nyles,oakes,oakley,obed,oberon,octavio,odell,odis,official,oisin,olaf,oleg,olen,oli,olin,oliver,ollie,olly,omar,omer,online,oran,order,oren,orion,orlando,orson,orval,orville,oscar,osric,osvaldo,oswald,oswaldo,otha,otis,otto,oussamael,owain,owen,ozzie,ozzy,pablo,paco,paddy,padraig,palmer,paolo,paritosh,parker,parvin,pascal,pasquale,pat,patel,patrick,paul,pavel,pawel,paxton,paylasilir,payton,pearce,pedro,pentax,percy,peregrine,perry,petar,pete,peter,peyton,phebian,phil,philbert,philip,philippe,phillip,phineas,phoenix,pierce,piere,pierre,piers,pierson,pip,pooja,porfirio,porter,poul,pracha,pradnya,prakash,preston,prince,princeton,priyanka,pyotr,quentin,quincy,quinlan,quinn,quintin,quinton,quintrell,racsoft,rafael,rafferty,raheem,rahma,rahul,raiden,raj,rajesh,rakesh,raleigh,ralfie,ralph,ram,rameel,ramin,ramiro,ramon,ramsey,randal,randall,randell,randolph,randy,raoul,raph,raphael,raqib,rashad,rashan,rashid,rasyid,ratna,raul,raven,ravi,ray,raydon,rayford,raylan,raymon,raymond,raymundo,rayyan,red,reece,reed,reef,reese,refugio,reg,reggie,reginald,rehaan,rehan,reid,reilly,reinaldo,reksy,remco,remington,remy,ren,renaldo,renato,rene,retouch,reuben,rex,reyes,reynaldo,reyza,reza,rhett,rhodri,rhydian,rhys,rian,ricardo,riccardo,riccele,rich,richard,richie,richmond,rick,rickey,rickie,ricky,rico,rider,ridley,rigby,rigobert,rik,riker,riley,rio,riordan,rishaan,rishi,ritch,ritchie,riven,river,riza,rizki,roan,rob,robbie,robby,robert,roberto,robin,robson,robt,rocco,rock,rocky,rod,roddy,roderick,rodger,rodion,rodney,rodolfo,rodrick,rodrigo,rogelio,roger,rohan,roland,rolando,rolf,rolland,roman,romeo,ron,ronald,ronan,ronnie,ronny,roosevel,roosevelt,roozbeh,rory,rosario,roscoe,rosendo,ross,rostislav,rowan,roy,royal,royce,ruairi,ruben,rubin,rudolf,rudolph,rudy,rueben,rufus,rupert,ruslan,russ,russel,russell,rusty,rutherford,ryan,ryden,ryder,ryker,rylan,ryland,ryle,ryley,sacha,sadece,saed,saeed,sagar,sage,sagnik,sahar,sahil,said,saif,saifudden,sal,salma,salman,salvador,salvator,salvatore,sam,samalik,samar,saminu,samir,sammie,sammy,samson,samual,samuel,sandeep,sandy,sanford,sang,sangeeth,sanjay,sanjiv,santanu,santiago,santo,santos,sanzida,sasha,saul,saurav,sawyer,scot,scott,scottie,scotty,seamus,sean,seb,sebastia,sebastian,sebastien,sebestian,semyon,serge,sergei,sergi,sergio,seribolov,services,seth,seymour,shad,shadrach,shahd,shailesh,shane,shannon,sharma,shaun,shawn,shay,shayne,shea,shelby,sheldon,shelton,sheng,sherlock,sherman,sherwin,sherwood,shiloh,shinta,shubham,sid,siddieq,sidney,silas,simeon,simon,singapore,singh,sky,skylar,skyler,slade,sol,solomon,son,sonny,sony,soren,soukeyna,spartak,spencer,spike,stacey,stacy,stan,stanford,stanislav,stanley,stanton,stefan,stepan,stephan,stephen,sterling,steve,steven,stevie,stewart,stone,store,storm,struan,stuart,studio,submission,submit,sufyan,suhas,sullivan,sumit,sung,sven,syaa,syaaa,syaff,sydney,syed,sylveste,sylvester,syria,syrus,tad,tadhg,taiwan,takao,takashi,talon,tam,tane,tanner,taras,tariik,tariq,tarquin,tate,taufik,tavis,tay,tayden,taye,taylor,teague,ted,teddy,teo,teodoro,terence,terrance,terrell,terrence,terry,tevin,tex,thad,thaddeus,thailand,thanh,theman,theo,theodore,theon,theophilus,theron,thiago,thom,thomas,thor,thurman,tiago,tianjin,tiberius,tiernan,tiger,tim,timmy,timofei,timothy,timur,ting,tito,titus,tobias,tobin,toby,tod,todd,tom,tomas,tommie,tommy,toney,tony,toramastu,torin,tory,toryn,trace,tracey,tracy,travis,tray,tremaine,trent,trenton,trevon,trevor,trey,treyden,trinidad,trip,tristan,tristen,triston,trofim,troia,troy,truman,tuan,tucker,turner,ty,tylan,tyler,tyree,tyrell,tyren,tyrese,tyron,tyrone,tyson,uchenna,ulises,ulrich,ulysses,umar,uriah,uriel,usama,usman,vadim,val,valentin,valentine,valentino,valery,van,vance,vasco,vash,vasily,vaughn,veniamin,vermek,vern,vernon,vibin,vic,vicente,victor,vidal,vihan,vijay,vikram,viktor,vince,vincent,vincenzo,vinnie,virgil,virgilio,vishal,vitaly,vito,vivian,vlad,vladimir,vladislav,vladmir,vsevolod,vyacheslav,wade,waldo,walker,wallace,wally,walt,walter,walton,ward,warner,warren,waylon,wayne,weldon,wellington,wendell,werner,wes,wesley,westin,weston,wiktor,wilber,wilbert,wilbur,wilburn,wiley,wilford,wilfred,wilfredo,wilhelm,will,willam,willard,willem,william,williams,willian,willie,willis,willy,wilmer,wilson,wilton,windsor,winford,winfred,winston,wolf,wolfgang,woodrow,woody,wyatt,xander,xavier,xerxes,yahir,yakov,yanchang,yang,yanida,yardley,yaroslav,yasin,yasmin,yassmin,yazisi,yefim,yegor,yehudi,yeit,yestin,yong,york,yosef,young,youssef,yuan,yuji,yuki,yulian,yung,yura,yuri,yury,yusuf,yves,zac,zach,zacharia,zachariah,zachary,zachery,zack,zackary,zackery,zaiden,zain,zaine,zak,zakhar,zander,zane,zayden,zaylen,zayn,zayne,zeb,zebedee,zebulon,zed,zeke,zeph,zeth,zheng,zhornikov,zig,ziggy,zikri,zion,zohar,zoltan,zoltar,zoran,zuriel,zylen